{"stats":{"minecraft:used":{"minecraft:stone_sword":2,"minecraft:stone_pickaxe":3,"minecraft:wooden_pickaxe":9,"minecraft:stone_axe":28,"minecraft:sand":2},"minecraft:crafted":{"minecraft:oak_planks":104,"minecraft:stone_shovel":1,"minecraft:crafting_table":1,"minecraft:stick":8,"minecraft:wooden_pickaxe":1,"minecraft:stone_pickaxe":1,"minecraft:stone_sword":1,"minecraft:stone_axe":1},"minecraft:custom":{"minecraft:time_since_rest":9015,"minecraft:sprint_one_cm":26071,"minecraft:damage_taken":20,"minecraft:walk_one_cm":10223,"minecraft:mob_kills":4,"minecraft:drop":1,"minecraft:damage_dealt":440,"minecraft:swim_one_cm":353,"minecraft:interact_with_crafting_table":2,"minecraft:fly_one_cm":38670,"minecraft:crouch_one_cm":655,"minecraft:play_time":9015,"minecraft:sneak_time":359,"minecraft:walk_under_water_one_cm":421,"minecraft:jump":190,"minecraft:leave_game":1,"minecraft:walk_on_water_one_cm":1049,"minecraft:time_since_death":9015,"minecraft:total_world_time":9015,"minecraft:fall_one_cm":3946},"minecraft:picked_up":{"minecraft:stick":3,"minecraft:leather":3,"minecraft:sand":2,"minecraft:oak_log":26,"minecraft:beef":7,"minecraft:sugar_cane":30,"minecraft:coal":3,"minecraft:cobblestone":9},"minecraft:killed":{"minecraft:cow":4},"minecraft:mined":{"minecraft:grass":2,"minecraft:oak_log":27,"minecraft:coal_ore":3,"minecraft:dead_bush":7,"minecraft:sand":2,"minecraft:stone":9,"minecraft:sugar_cane":11,"minecraft:oak_leaves":1,"minecraft:fern":1},"minecraft:dropped":{"minecraft:wooden_pickaxe":1}},"DataVersion":3465}