{"stats":{"minecraft:used":{"minecraft:stone_axe":1,"minecraft:stone_sword":3,"minecraft:sand":1,"minecraft:crafting_table":2,"minecraft:stone_pickaxe":5,"minecraft:wooden_pickaxe":3},"minecraft:custom":{"minecraft:time_since_rest":8287,"minecraft:crouch_one_cm":673,"minecraft:play_time":8287,"minecraft:sprint_one_cm":10496,"minecraft:damage_taken":60,"minecraft:walk_one_cm":4262,"minecraft:sneak_time":306,"minecraft:walk_under_water_one_cm":1665,"minecraft:mob_kills":3,"minecraft:drop":2,"minecraft:jump":109,"minecraft:damage_dealt":100,"minecraft:leave_game":2,"minecraft:time_since_death":8287,"minecraft:walk_on_water_one_cm":1174,"minecraft:total_world_time":8287,"minecraft:climb_one_cm":188,"minecraft:swim_one_cm":5381,"minecraft:interact_with_crafting_table":4,"minecraft:fly_one_cm":29438,"minecraft:fall_one_cm":3121},"minecraft:crafted":{"minecraft:stone_sword":1,"minecraft:stone_axe":1,"minecraft:crafting_table":1,"minecraft:stick":16,"minecraft:wooden_pickaxe":1,"minecraft:stone_pickaxe":1,"minecraft:jungle_planks":24},"minecraft:picked_up":{"minecraft:crafting_table":2,"minecraft:salmon":3,"minecraft:jungle_log":6,"minecraft:stone_pickaxe":1,"minecraft:sand":1,"minecraft:cobblestone":8},"minecraft:killed":{"minecraft:salmon":3},"minecraft:mined":{"minecraft:jungle_log":6,"minecraft:sand":1,"minecraft:stone":8,"minecraft:crafting_table":2},"minecraft:dropped":{"minecraft:stone_pickaxe":1,"minecraft:wooden_pickaxe":1}},"DataVersion":3465}